119,121,116,126,117,0,0,0,0,0
119,121,116,126,117,0,0,0,0,0
119,121,116,126,117,0,0,0,0,0
119,121,116,126,117,0,0,0,0,0
119,121,116,126,117,0,0,0,0,0
119,121,116,126,117,0,0,0,0,0
119,121,116,122,125,117,116,126,117,0
119,121,116,122,124,117,116,126,117,0
118,121,116,126,117,0,0,0,0,0
119,121,0,0,0,0,0,0,0,0
118,121,116,122,124,117,116,126,117,0
118,121,116,126,117,0,0,0,0,0
118,121,116,126,117,0,0,0,0,0
118,121,116,116,62,117,116,62,117,117
118,121,116,116,62,117,116,62,117,117
119,121,116,123,124,117,0,0,0,0
119,121,116,123,124,117,0,0,0,0
119,121,116,123,124,117,0,0,0,0
118,121,116,126,117,0,0,0,0,0
118,121,116,116,42,116,78,117,117,117
118,121,0,0,0,0,0,0,0,0
118,121,0,0,0,0,0,0,0,0
118,121,0,0,0,0,0,0,0,0
118,121,116,126,117,0,0,0,0,0
118,121,116,126,117,0,0,0,0,0
118,121,116,122,124,117,116,126,117,0
118,121,116,126,117,0,0,0,0,0
118,121,116,126,117,0,0,0,0,0
118,121,116,126,117,0,0,0,0,0
119,121,0,0,0,0,0,0,0,0
118,121,0,0,0,0,0,0,0,0
118,121,116,122,124,117,116,126,117,0
118,121,116,122,124,117,116,126,117,0
118,121,116,122,125,117,116,126,117,0
118,121,116,122,124,117,116,126,117,0
118,121,116,122,124,117,116,126,117,0
118,121,116,122,124,117,0,0,0,0
119,121,116,122,124,122,124,122,125,117
118,121,116,122,125,117,0,0,0,0
118,121,116,126,117,0,0,0,0,0
118,121,116,116,66,116,46,117,117,117
118,121,116,123,124,117,116,126,117,0
118,121,116,116,28,116,126,117,117,117
119,121,116,126,117,0,0,0,0,0
118,121,116,126,117,0,0,0,0,0
118,121,116,123,124,117,116,126,117,0
118,121,116,116,58,116,127,117,117,117
118,121,116,116,58,116,100,117,117,117
118,121,116,123,124,117,0,0,0,0
118,121,116,123,124,117,116,126,117,0
118,121,116,123,124,117,116,126,117,0
118,121,116,122,124,117,116,126,117,0
118,121,116,122,125,117,0,0,0,0
118,121,116,122,125,117,116,126,117,0
118,121,116,116,42,116,78,117,117,117
119,121,116,116,62,117,116,62,117,117
118,121,116,116,58,116,127,117,117,117
118,121,116,116,42,116,62,117,117,117
118,121,116,116,42,116,62,117,117,117
118,121,116,116,42,116,62,117,117,117
118,121,116,123,124,117,0,0,0,0
119,121,116,122,124,122,125,117,0,0
119,121,116,126,117,0,0,0,0,0
118,121,116,122,124,117,0,0,0,0
119,121,116,116,58,116,62,117,117,117
119,121,116,123,124,117,116,126,117,0
118,121,116,123,124,117,0,0,0,0
119,121,116,123,124,117,0,0,0,0
118,121,116,126,117,0,0,0,0,0
118,121,116,116,23,116,127,117,117,117
118,121,116,122,124,117,116,126,117,0